Requirement,Scenario,Input,Expected,Actual,Test/Artifact,Layer,Result,Evidence,Conclusion
Core quantity rule,Commitment does not exceed capacity,500 available / 500 requested,Accepted,Passed,backend/tests/test_feature22_unit_suite.py,1,PASS,173-test cumulative run,Invariant holds in application-level test
Core quantity rule,Over-capacity commitment,500 available / 501 requested,Rejected,Passed,backend/tests/test_feature22_unit_suite.py,1,PASS,173-test cumulative run,Over-commitment rejected
Discrepancy calculation,Canonical partial receipt,500 committed / 430 received,70 kg shortfall and 14 percent variance,Passed,backend/tests/test_feature22_unit_suite.py,1,PASS,173-test cumulative run,Canonical discrepancy calculation is deterministic
Procurement integration,Valid procurement creation,Valid request,Persistence plus response plus events,Passed,backend/tests/test_feature22_integration_suite.py,2,PASS,173-test cumulative run,Application route/service path works in deterministic DB boundary
Transaction safety,Invalid delivery line,Valid header plus invalid line,Rollback partial write,Passed,backend/tests/test_feature22_integration_suite.py,2,PASS,173-test cumulative run,Application rollback behavior covered
Workflow,Happy-path procurement lifecycle,DRAFT through ACCEPTED,Only legal transitions occur,Passed,backend/tests/test_feature22_workflow_suite.py,3,PASS,173-test cumulative run,Workflow state rules covered
Workflow,Rejected delivery correction,500 commitment / rejected delivery / replacement,REJECTED to corrective action to new delivery to inspection,Passed,backend/tests/test_feature22_workflow_suite.py,3,PASS,173-test cumulative run,Correction workflow covered
Authorization,Wrong role attempts,Role without required permission,Denied,Passed,backend/tests/test_feature22_authorization_suite.py,4,PASS,173-test cumulative run,Responsibility boundaries covered
Authorization,Organization isolation,Actor from organization A accessing B,Denied,Passed,backend/tests/test_feature22_authorization_suite.py,4,PASS,173-test cumulative run,Org isolation covered
Authorization,Unverified organization,Active membership plus unverified org,Denied by central boundary,Passed,Layer 7 implementation and adversarial suite,7,PASS,173-test cumulative run,Verification requirement is enforced in central authorization
UI,Procurement creation/edit flow,React form payload and navigation,Correct API call and UI transition,Source/test present but Jest not executed,feature22_ui.test.js,5,NOT EXECUTED HERE,Frontend dependencies absent,Requires local CI/browser environment
UI,Delivery discrepancy display,500/430 backend data,70 kg and 14 percent shown,Source/test present but Jest not executed,feature22_ui.test.js,5,NOT EXECUTED HERE,Frontend dependencies absent,Requires local CI/browser environment
Acceptance,Complete procurement evidence story,Requirement through outcome,System can reconstruct what happened,Passed,backend/tests/test_feature22_acceptance_suite.py,6,PASS,173-test cumulative run,Acceptance story covered at application level
Adversarial,Malformed/wrong-type input,Null/wrong type/extra/oversized input,Reject safely,Passed,backend/tests/test_feature22_adversarial_suite.py,7,PASS,173-test cumulative run,Input boundary defenses covered
Adversarial,Evidence upload attack,Invalid extension/MIME/magic bytes/oversize,Reject and clean partial storage,Passed,backend/tests/test_feature22_adversarial_suite.py,7,PASS,173-test cumulative run,Evidence validation defenses covered
Adversarial,Duplicate active commitment,Repeated active commitment,Database/application uniqueness prevents duplicate,Passed,backend/tests/test_feature22_adversarial_suite.py,7,PASS,173-test cumulative run,Unique active commitment contract covered
Stress,10k discrepancy operations,10000 deterministic calculations,All results correct,Passed,backend/tests/test_feature22_stress_suite.py,8,PASS,173-test cumulative run,Volume correctness covered
Stress,Concurrent limited-capacity commitments,20 competing 500 kg attempts,Total never exceeds 500 kg,Passed,backend/tests/test_feature22_stress_suite.py,8,PASS,173-test cumulative run,Controlled concurrency model preserves invariant
Stress,Pagination,Large procurement list,Page size bounded at 100,Passed,backend/tests/test_feature22_stress_suite.py,8,PASS,173-test cumulative run,Route contract checked
Database/Neon,Live connection and schema,User local DATABASE_URL,Connect and expected schema/index visible,Not run in isolated environment,backend/tools/feature22_neon_smoke.py,23,PENDING ENVIRONMENT,Neon credentials intentionally not supplied,Requires controlled user-side run
Database/Neon,Real row-lock/transaction behavior,Two DB connections and temporary table,Second transaction blocks then proceeds after commit,Not run in isolated environment,backend/tools/feature22_neon_smoke.py,23,PENDING ENVIRONMENT,Neon runtime behavior remains uncertain,Requires controlled user-side run
Browser/deployment,Real frontend build and browser workflow,Installed npm dependencies plus deployed API,Build succeeds and workflow operates,Not run in isolated environment,DEVELOPMENT_ENVIRONMENT.md,23,PENDING ENVIRONMENT,No browser/node_modules available here,Requires local/CI/staging run
Production load,Real deployed HTTP/DB load,Controlled staging load,Correctness maintained with measured resource/latency behavior,Not run,Layer 8 limitation record,23,PENDING ENVIRONMENT,No deployed load environment used,Requires dedicated staging/load test
